Model,MALE,RMSLE
AutoARIMA,0.34454688,0.7747419
AutoETS,0.27307412,0.60397625
SeasonalNaive,0.31078085,0.7173081
